ledger_row,finding_id,run_id,severity,finding_code,tickera_event_id,woo_product_id,woo_variation_id,observed_scope,expected_scope,source_risk_code,wordpress_producer,wordpress_evidence_field,wordpress_evidence_state,feed_json_path,phoenix_parser,phoenix_normalizer,finding_emitter,classification,classification_reason,confidence,proposed_phase_5b_action,requires_wordpress_change,requires_phoenix_change,requires_contract_version_change
1,5a5e774a-dc05-45d3-b2e2-d5290c2c93d0,3efd208f-b148-4568-8591-13d968399081,blocking,add_on,,100344,,product,product,add_on,normalize_catalog_row,product_semantics.add_on,unknown,catalog_rows[].product_semantics.add_on,WordPressFeedResponse.parse_page/1,Normalizer.product_semantic_fact/4,Normalizer.source_risk_findings/1,C_unknown_by_design,WordPress deliberately reports add_on as unknown because no reviewed authoritative source is defined,high,Define authoritative add_on evidence states and preserve unknown as blocking,true,true,true
2,e9d5aefd-cbe2-47a8-a5eb-f6806371c9db,3efd208f-b148-4568-8591-13d968399081,blocking,add_on,,100684,,product,product,add_on,normalize_catalog_row,product_semantics.add_on,unknown,catalog_rows[].product_semantics.add_on,WordPressFeedResponse.parse_page/1,Normalizer.product_semantic_fact/4,Normalizer.source_risk_findings/1,C_unknown_by_design,WordPress deliberately reports add_on as unknown because no reviewed authoritative source is defined,high,Define authoritative add_on evidence states and preserve unknown as blocking,true,true,true
3,5c470784-324d-4189-8ae6-d6006a232ce5,3efd208f-b148-4568-8591-13d968399081,blocking,add_on,,104303,,product,product,add_on,normalize_catalog_row,product_semantics.add_on,unknown,catalog_rows[].product_semantics.add_on,WordPressFeedResponse.parse_page/1,Normalizer.product_semantic_fact/4,Normalizer.source_risk_findings/1,C_unknown_by_design,WordPress deliberately reports add_on as unknown because no reviewed authoritative source is defined,high,Define authoritative add_on evidence states and preserve unknown as blocking,true,true,true
4,3bfc264a-fc3e-41d1-87e8-d618677cb634,3efd208f-b148-4568-8591-13d968399081,blocking,add_on,,106812,,product,product,add_on,normalize_catalog_row,product_semantics.add_on,unknown,catalog_rows[].product_semantics.add_on,WordPressFeedResponse.parse_page/1,Normalizer.product_semantic_fact/4,Normalizer.source_risk_findings/1,C_unknown_by_design,WordPress deliberately reports add_on as unknown because no reviewed authoritative source is defined,high,Define authoritative add_on evidence states and preserve unknown as blocking,true,true,true
5,9b1f4da7-94ff-4919-8303-c67225c309ad,3efd208f-b148-4568-8591-13d968399081,blocking,add_on,,106813,,product,product,add_on,normalize_catalog_row,product_semantics.add_on,unknown,catalog_rows[].product_semantics.add_on,WordPressFeedResponse.parse_page/1,Normalizer.product_semantic_fact/4,Normalizer.source_risk_findings/1,C_unknown_by_design,WordPress deliberately reports add_on as unknown because no reviewed authoritative source is defined,high,Define authoritative add_on evidence states and preserve unknown as blocking,true,true,true
6,19a247b0-cb00-4106-8f21-5125acadf2d2,3efd208f-b148-4568-8591-13d968399081,blocking,add_on,,106814,,product,product,add_on,normalize_catalog_row,product_semantics.add_on,unknown,catalog_rows[].product_semantics.add_on,WordPressFeedResponse.parse_page/1,Normalizer.product_semantic_fact/4,Normalizer.source_risk_findings/1,C_unknown_by_design,WordPress deliberately reports add_on as unknown because no reviewed authoritative source is defined,high,Define authoritative add_on evidence states and preserve unknown as blocking,true,true,true
7,f8e3acab-0f51-4608-aa80-1bc4c4a2a92e,3efd208f-b148-4568-8591-13d968399081,blocking,add_on,,106815,,product,product,add_on,normalize_catalog_row,product_semantics.add_on,unknown,catalog_rows[].product_semantics.add_on,WordPressFeedResponse.parse_page/1,Normalizer.product_semantic_fact/4,Normalizer.source_risk_findings/1,C_unknown_by_design,WordPress deliberately reports add_on as unknown because no reviewed authoritative source is defined,high,Define authoritative add_on evidence states and preserve unknown as blocking,true,true,true
8,384c77a7-40d5-4614-a654-960e61a34579,3efd208f-b148-4568-8591-13d968399081,blocking,add_on,,106816,,product,product,add_on,normalize_catalog_row,product_semantics.add_on,unknown,catalog_rows[].product_semantics.add_on,WordPressFeedResponse.parse_page/1,Normalizer.product_semantic_fact/4,Normalizer.source_risk_findings/1,C_unknown_by_design,WordPress deliberately reports add_on as unknown because no reviewed authoritative source is defined,high,Define authoritative add_on evidence states and preserve unknown as blocking,true,true,true
9,df8262d7-9765-4af4-8aa9-1b99252156d6,3efd208f-b148-4568-8591-13d968399081,blocking,add_on,,107605,,product,product,add_on,normalize_catalog_row,product_semantics.add_on,unknown,catalog_rows[].product_semantics.add_on,WordPressFeedResponse.parse_page/1,Normalizer.product_semantic_fact/4,Normalizer.source_risk_findings/1,C_unknown_by_design,WordPress deliberately reports add_on as unknown because no reviewed authoritative source is defined,high,Define authoritative add_on evidence states and preserve unknown as blocking,true,true,true
10,921addea-7157-4276-8f63-e61b32a3a9b2,3efd208f-b148-4568-8591-13d968399081,blocking,add_on,,107607,,product,product,add_on,normalize_catalog_row,product_semantics.add_on,unknown,catalog_rows[].product_semantics.add_on,WordPressFeedResponse.parse_page/1,Normalizer.product_semantic_fact/4,Normalizer.source_risk_findings/1,C_unknown_by_design,WordPress deliberately reports add_on as unknown because no reviewed authoritative source is defined,high,Define authoritative add_on evidence states and preserve unknown as blocking,true,true,true
11,6619843e-c7d5-40a8-8b89-55d63a0245f8,3efd208f-b148-4568-8591-13d968399081,blocking,add_on,,107611,,product,product,add_on,normalize_catalog_row,product_semantics.add_on,unknown,catalog_rows[].product_semantics.add_on,WordPressFeedResponse.parse_page/1,Normalizer.product_semantic_fact/4,Normalizer.source_risk_findings/1,C_unknown_by_design,WordPress deliberately reports add_on as unknown because no reviewed authoritative source is defined,high,Define authoritative add_on evidence states and preserve unknown as blocking,true,true,true
12,73b64e32-d81c-4774-a24c-5dbca8aa6c06,3efd208f-b148-4568-8591-13d968399081,blocking,add_on,,107926,,product,product,add_on,normalize_catalog_row,product_semantics.add_on,unknown,catalog_rows[].product_semantics.add_on,WordPressFeedResponse.parse_page/1,Normalizer.product_semantic_fact/4,Normalizer.source_risk_findings/1,C_unknown_by_design,WordPress deliberately reports add_on as unknown because no reviewed authoritative source is defined,high,Define authoritative add_on evidence states and preserve unknown as blocking,true,true,true
13,f729e4a6-1225-4571-a5a7-aa73a08490bb,3efd208f-b148-4568-8591-13d968399081,blocking,add_on,,109740,,product,product,add_on,normalize_catalog_row,product_semantics.add_on,unknown,catalog_rows[].product_semantics.add_on,WordPressFeedResponse.parse_page/1,Normalizer.product_semantic_fact/4,Normalizer.source_risk_findings/1,C_unknown_by_design,WordPress deliberately reports add_on as unknown because no reviewed authoritative source is defined,high,Define authoritative add_on evidence states and preserve unknown as blocking,true,true,true
14,62ab2e71-ee3f-47db-86eb-58b534952581,3efd208f-b148-4568-8591-13d968399081,blocking,add_on,,109741,,product,product,add_on,normalize_catalog_row,product_semantics.add_on,unknown,catalog_rows[].product_semantics.add_on,WordPressFeedResponse.parse_page/1,Normalizer.product_semantic_fact/4,Normalizer.source_risk_findings/1,C_unknown_by_design,WordPress deliberately reports add_on as unknown because no reviewed authoritative source is defined,high,Define authoritative add_on evidence states and preserve unknown as blocking,true,true,true
15,762a07f1-e8b1-4f57-8261-da6bec8e1fc3,3efd208f-b148-4568-8591-13d968399081,blocking,bundle,,100344,,product,product,bundle,normalize_catalog_row,product_semantics.bundle,unknown,catalog_rows[].product_semantics.bundle,WordPressFeedResponse.parse_page/1,Normalizer.product_semantic_fact/4,Normalizer.source_risk_findings/1,C_unknown_by_design,WordPress deliberately reports bundle as unknown because no reviewed authoritative source is defined,high,Define authoritative bundle evidence states and preserve unknown as blocking,true,true,true
16,de329aa8-98c6-444f-a94b-ae04d8440b78,3efd208f-b148-4568-8591-13d968399081,blocking,bundle,,100684,,product,product,bundle,normalize_catalog_row,product_semantics.bundle,unknown,catalog_rows[].product_semantics.bundle,WordPressFeedResponse.parse_page/1,Normalizer.product_semantic_fact/4,Normalizer.source_risk_findings/1,C_unknown_by_design,WordPress deliberately reports bundle as unknown because no reviewed authoritative source is defined,high,Define authoritative bundle evidence states and preserve unknown as blocking,true,true,true
17,5a22236e-3a33-4a78-af4f-75d797253327,3efd208f-b148-4568-8591-13d968399081,blocking,bundle,,104303,,product,product,bundle,normalize_catalog_row,product_semantics.bundle,unknown,catalog_rows[].product_semantics.bundle,WordPressFeedResponse.parse_page/1,Normalizer.product_semantic_fact/4,Normalizer.source_risk_findings/1,C_unknown_by_design,WordPress deliberately reports bundle as unknown because no reviewed authoritative source is defined,high,Define authoritative bundle evidence states and preserve unknown as blocking,true,true,true
18,e977ea29-7ca4-439a-8cb7-92379f46115d,3efd208f-b148-4568-8591-13d968399081,blocking,bundle,,106812,,product,product,bundle,normalize_catalog_row,product_semantics.bundle,unknown,catalog_rows[].product_semantics.bundle,WordPressFeedResponse.parse_page/1,Normalizer.product_semantic_fact/4,Normalizer.source_risk_findings/1,C_unknown_by_design,WordPress deliberately reports bundle as unknown because no reviewed authoritative source is defined,high,Define authoritative bundle evidence states and preserve unknown as blocking,true,true,true
19,1785485f-eb79-4e98-9fb2-eda7869f50f5,3efd208f-b148-4568-8591-13d968399081,blocking,bundle,,106813,,product,product,bundle,normalize_catalog_row,product_semantics.bundle,unknown,catalog_rows[].product_semantics.bundle,WordPressFeedResponse.parse_page/1,Normalizer.product_semantic_fact/4,Normalizer.source_risk_findings/1,C_unknown_by_design,WordPress deliberately reports bundle as unknown because no reviewed authoritative source is defined,high,Define authoritative bundle evidence states and preserve unknown as blocking,true,true,true
20,2f85b876-2452-45cc-9fec-4f10ca53c8e6,3efd208f-b148-4568-8591-13d968399081,blocking,bundle,,106814,,product,product,bundle,normalize_catalog_row,product_semantics.bundle,unknown,catalog_rows[].product_semantics.bundle,WordPressFeedResponse.parse_page/1,Normalizer.product_semantic_fact/4,Normalizer.source_risk_findings/1,C_unknown_by_design,WordPress deliberately reports bundle as unknown because no reviewed authoritative source is defined,high,Define authoritative bundle evidence states and preserve unknown as blocking,true,true,true
21,d0a78e79-d4aa-418e-803f-f194815103c4,3efd208f-b148-4568-8591-13d968399081,blocking,bundle,,106815,,product,product,bundle,normalize_catalog_row,product_semantics.bundle,unknown,catalog_rows[].product_semantics.bundle,WordPressFeedResponse.parse_page/1,Normalizer.product_semantic_fact/4,Normalizer.source_risk_findings/1,C_unknown_by_design,WordPress deliberately reports bundle as unknown because no reviewed authoritative source is defined,high,Define authoritative bundle evidence states and preserve unknown as blocking,true,true,true
22,4f2b367d-b2cd-493f-a768-aa9c6ed5a40b,3efd208f-b148-4568-8591-13d968399081,blocking,bundle,,106816,,product,product,bundle,normalize_catalog_row,product_semantics.bundle,unknown,catalog_rows[].product_semantics.bundle,WordPressFeedResponse.parse_page/1,Normalizer.product_semantic_fact/4,Normalizer.source_risk_findings/1,C_unknown_by_design,WordPress deliberately reports bundle as unknown because no reviewed authoritative source is defined,high,Define authoritative bundle evidence states and preserve unknown as blocking,true,true,true
23,b6c35462-93c4-461f-ada7-35115742f3da,3efd208f-b148-4568-8591-13d968399081,blocking,bundle,,107605,,product,product,bundle,normalize_catalog_row,product_semantics.bundle,unknown,catalog_rows[].product_semantics.bundle,WordPressFeedResponse.parse_page/1,Normalizer.product_semantic_fact/4,Normalizer.source_risk_findings/1,C_unknown_by_design,WordPress deliberately reports bundle as unknown because no reviewed authoritative source is defined,high,Define authoritative bundle evidence states and preserve unknown as blocking,true,true,true
24,2414f543-d129-4bf4-b05d-b47a2d1bce45,3efd208f-b148-4568-8591-13d968399081,blocking,bundle,,107607,,product,product,bundle,normalize_catalog_row,product_semantics.bundle,unknown,catalog_rows[].product_semantics.bundle,WordPressFeedResponse.parse_page/1,Normalizer.product_semantic_fact/4,Normalizer.source_risk_findings/1,C_unknown_by_design,WordPress deliberately reports bundle as unknown because no reviewed authoritative source is defined,high,Define authoritative bundle evidence states and preserve unknown as blocking,true,true,true
25,2b805af6-32d1-47fb-89bc-ffea340d358c,3efd208f-b148-4568-8591-13d968399081,blocking,bundle,,107611,,product,product,bundle,normalize_catalog_row,product_semantics.bundle,unknown,catalog_rows[].product_semantics.bundle,WordPressFeedResponse.parse_page/1,Normalizer.product_semantic_fact/4,Normalizer.source_risk_findings/1,C_unknown_by_design,WordPress deliberately reports bundle as unknown because no reviewed authoritative source is defined,high,Define authoritative bundle evidence states and preserve unknown as blocking,true,true,true
26,31f324b4-9b4f-4d53-8fb4-94d578ab7ace,3efd208f-b148-4568-8591-13d968399081,blocking,bundle,,107926,,product,product,bundle,normalize_catalog_row,product_semantics.bundle,unknown,catalog_rows[].product_semantics.bundle,WordPressFeedResponse.parse_page/1,Normalizer.product_semantic_fact/4,Normalizer.source_risk_findings/1,C_unknown_by_design,WordPress deliberately reports bundle as unknown because no reviewed authoritative source is defined,high,Define authoritative bundle evidence states and preserve unknown as blocking,true,true,true
27,9b2753f3-bc86-4175-b1bf-b9bcf1768db7,3efd208f-b148-4568-8591-13d968399081,blocking,bundle,,109740,,product,product,bundle,normalize_catalog_row,product_semantics.bundle,unknown,catalog_rows[].product_semantics.bundle,WordPressFeedResponse.parse_page/1,Normalizer.product_semantic_fact/4,Normalizer.source_risk_findings/1,C_unknown_by_design,WordPress deliberately reports bundle as unknown because no reviewed authoritative source is defined,high,Define authoritative bundle evidence states and preserve unknown as blocking,true,true,true
28,bcb97323-ac88-4118-91ea-86116eed081d,3efd208f-b148-4568-8591-13d968399081,blocking,bundle,,109741,,product,product,bundle,normalize_catalog_row,product_semantics.bundle,unknown,catalog_rows[].product_semantics.bundle,WordPressFeedResponse.parse_page/1,Normalizer.product_semantic_fact/4,Normalizer.source_risk_findings/1,C_unknown_by_design,WordPress deliberately reports bundle as unknown because no reviewed authoritative source is defined,high,Define authoritative bundle evidence states and preserve unknown as blocking,true,true,true
29,fda96751-d879-42c7-8793-4884fe0c62c1,3efd208f-b148-4568-8591-13d968399081,blocking,membership,,100344,,product,product,membership,normalize_catalog_row,product_semantics.membership,unknown,catalog_rows[].product_semantics.membership,WordPressFeedResponse.parse_page/1,Normalizer.product_semantic_fact/4,Normalizer.source_risk_findings/1,C_unknown_by_design,WordPress deliberately reports membership as unknown because no reviewed authoritative source is defined,high,Define authoritative membership evidence states and preserve unknown as blocking,true,true,true
30,acd89248-145d-49b2-b730-175b0ed2272e,3efd208f-b148-4568-8591-13d968399081,blocking,membership,,100684,,product,product,membership,normalize_catalog_row,product_semantics.membership,unknown,catalog_rows[].product_semantics.membership,WordPressFeedResponse.parse_page/1,Normalizer.product_semantic_fact/4,Normalizer.source_risk_findings/1,C_unknown_by_design,WordPress deliberately reports membership as unknown because no reviewed authoritative source is defined,high,Define authoritative membership evidence states and preserve unknown as blocking,true,true,true
31,4e332c26-0949-4f4f-8e7d-3c3230f014c4,3efd208f-b148-4568-8591-13d968399081,blocking,membership,,104303,,product,product,membership,normalize_catalog_row,product_semantics.membership,unknown,catalog_rows[].product_semantics.membership,WordPressFeedResponse.parse_page/1,Normalizer.product_semantic_fact/4,Normalizer.source_risk_findings/1,C_unknown_by_design,WordPress deliberately reports membership as unknown because no reviewed authoritative source is defined,high,Define authoritative membership evidence states and preserve unknown as blocking,true,true,true
32,5edfb523-7169-4081-b26f-20de0c3a7443,3efd208f-b148-4568-8591-13d968399081,blocking,membership,,106812,,product,product,membership,normalize_catalog_row,product_semantics.membership,unknown,catalog_rows[].product_semantics.membership,WordPressFeedResponse.parse_page/1,Normalizer.product_semantic_fact/4,Normalizer.source_risk_findings/1,C_unknown_by_design,WordPress deliberately reports membership as unknown because no reviewed authoritative source is defined,high,Define authoritative membership evidence states and preserve unknown as blocking,true,true,true
33,d688949f-4536-4ad7-8604-789e1ac714db,3efd208f-b148-4568-8591-13d968399081,blocking,membership,,106813,,product,product,membership,normalize_catalog_row,product_semantics.membership,unknown,catalog_rows[].product_semantics.membership,WordPressFeedResponse.parse_page/1,Normalizer.product_semantic_fact/4,Normalizer.source_risk_findings/1,C_unknown_by_design,WordPress deliberately reports membership as unknown because no reviewed authoritative source is defined,high,Define authoritative membership evidence states and preserve unknown as blocking,true,true,true
34,8560dfb3-8ecb-4336-b5e8-aa297e87b664,3efd208f-b148-4568-8591-13d968399081,blocking,membership,,106814,,product,product,membership,normalize_catalog_row,product_semantics.membership,unknown,catalog_rows[].product_semantics.membership,WordPressFeedResponse.parse_page/1,Normalizer.product_semantic_fact/4,Normalizer.source_risk_findings/1,C_unknown_by_design,WordPress deliberately reports membership as unknown because no reviewed authoritative source is defined,high,Define authoritative membership evidence states and preserve unknown as blocking,true,true,true
35,45e01293-ef52-4510-b3d2-7137bf7b6f2d,3efd208f-b148-4568-8591-13d968399081,blocking,membership,,106815,,product,product,membership,normalize_catalog_row,product_semantics.membership,unknown,catalog_rows[].product_semantics.membership,WordPressFeedResponse.parse_page/1,Normalizer.product_semantic_fact/4,Normalizer.source_risk_findings/1,C_unknown_by_design,WordPress deliberately reports membership as unknown because no reviewed authoritative source is defined,high,Define authoritative membership evidence states and preserve unknown as blocking,true,true,true
36,95641728-2c74-4202-95c8-bdd3a37712fa,3efd208f-b148-4568-8591-13d968399081,blocking,membership,,106816,,product,product,membership,normalize_catalog_row,product_semantics.membership,unknown,catalog_rows[].product_semantics.membership,WordPressFeedResponse.parse_page/1,Normalizer.product_semantic_fact/4,Normalizer.source_risk_findings/1,C_unknown_by_design,WordPress deliberately reports membership as unknown because no reviewed authoritative source is defined,high,Define authoritative membership evidence states and preserve unknown as blocking,true,true,true
37,980113f1-593a-43df-8d5c-55870738e8f0,3efd208f-b148-4568-8591-13d968399081,blocking,membership,,107605,,product,product,membership,normalize_catalog_row,product_semantics.membership,unknown,catalog_rows[].product_semantics.membership,WordPressFeedResponse.parse_page/1,Normalizer.product_semantic_fact/4,Normalizer.source_risk_findings/1,C_unknown_by_design,WordPress deliberately reports membership as unknown because no reviewed authoritative source is defined,high,Define authoritative membership evidence states and preserve unknown as blocking,true,true,true
38,a13466c1-8472-4dfd-a46a-9ce26fef39fe,3efd208f-b148-4568-8591-13d968399081,blocking,membership,,107607,,product,product,membership,normalize_catalog_row,product_semantics.membership,unknown,catalog_rows[].product_semantics.membership,WordPressFeedResponse.parse_page/1,Normalizer.product_semantic_fact/4,Normalizer.source_risk_findings/1,C_unknown_by_design,WordPress deliberately reports membership as unknown because no reviewed authoritative source is defined,high,Define authoritative membership evidence states and preserve unknown as blocking,true,true,true
39,09c97afa-6e58-4175-ac36-55f733fab34f,3efd208f-b148-4568-8591-13d968399081,blocking,membership,,107611,,product,product,membership,normalize_catalog_row,product_semantics.membership,unknown,catalog_rows[].product_semantics.membership,WordPressFeedResponse.parse_page/1,Normalizer.product_semantic_fact/4,Normalizer.source_risk_findings/1,C_unknown_by_design,WordPress deliberately reports membership as unknown because no reviewed authoritative source is defined,high,Define authoritative membership evidence states and preserve unknown as blocking,true,true,true
40,3f1d11ae-412f-431c-a064-0c55d7d3d03f,3efd208f-b148-4568-8591-13d968399081,blocking,membership,,107926,,product,product,membership,normalize_catalog_row,product_semantics.membership,unknown,catalog_rows[].product_semantics.membership,WordPressFeedResponse.parse_page/1,Normalizer.product_semantic_fact/4,Normalizer.source_risk_findings/1,C_unknown_by_design,WordPress deliberately reports membership as unknown because no reviewed authoritative source is defined,high,Define authoritative membership evidence states and preserve unknown as blocking,true,true,true
41,d955ed2a-9f2a-4d3c-91f8-7ed9df6e17be,3efd208f-b148-4568-8591-13d968399081,blocking,membership,,109740,,product,product,membership,normalize_catalog_row,product_semantics.membership,unknown,catalog_rows[].product_semantics.membership,WordPressFeedResponse.parse_page/1,Normalizer.product_semantic_fact/4,Normalizer.source_risk_findings/1,C_unknown_by_design,WordPress deliberately reports membership as unknown because no reviewed authoritative source is defined,high,Define authoritative membership evidence states and preserve unknown as blocking,true,true,true
42,2a501e26-adc2-44c6-9086-a149302e04a7,3efd208f-b148-4568-8591-13d968399081,blocking,membership,,109741,,product,product,membership,normalize_catalog_row,product_semantics.membership,unknown,catalog_rows[].product_semantics.membership,WordPressFeedResponse.parse_page/1,Normalizer.product_semantic_fact/4,Normalizer.source_risk_findings/1,C_unknown_by_design,WordPress deliberately reports membership as unknown because no reviewed authoritative source is defined,high,Define authoritative membership evidence states and preserve unknown as blocking,true,true,true
43,b717fd9a-4198-42dd-b3cb-b4362b50ed6c,3efd208f-b148-4568-8591-13d968399081,blocking,missing_source_risk_data,,107605,,product,product,missing_source_risk_data,review_reasons/3 or another undeclared risk_codes producer; exact raw producer erased,undeclared risk_codes entry; exact authoritative field unavailable,normalized_missing_with_raw_code_not_retained,catalog_rows[].risk_codes[],WordPressFeedResponse.parse_page/1,SourceRisk.from_code/3 unknown-code fallback + Normalizer.ensure_dimension/2,Normalizer.source_risk_findings/1,C_unknown_by_design,Persisted evidence proves missing source-risk data but cannot attribute the exact undeclared WordPress code after fallback erased it,medium,Preserve bounded raw-code provenance and map only declared versioned translations,true,true,true
44,9c40a214-a3b6-4c79-93be-03d7a7a85902,3efd208f-b148-4568-8591-13d968399081,blocking,missing_source_risk_data,,107607,,product,product,missing_source_risk_data,review_reasons/3 or another undeclared risk_codes producer; exact raw producer erased,undeclared risk_codes entry; exact authoritative field unavailable,normalized_missing_with_raw_code_not_retained,catalog_rows[].risk_codes[],WordPressFeedResponse.parse_page/1,SourceRisk.from_code/3 unknown-code fallback + Normalizer.ensure_dimension/2,Normalizer.source_risk_findings/1,C_unknown_by_design,Persisted evidence proves missing source-risk data but cannot attribute the exact undeclared WordPress code after fallback erased it,medium,Preserve bounded raw-code provenance and map only declared versioned translations,true,true,true
45,e9752c88-f79b-4984-bbfd-2ae2485d286c,3efd208f-b148-4568-8591-13d968399081,blocking,payment_plan,,100344,,product,product,payment_plan,normalize_catalog_row,product_semantics.payment_plan,unknown,catalog_rows[].product_semantics.payment_plan,WordPressFeedResponse.parse_page/1,Normalizer.product_semantic_fact/4,Normalizer.source_risk_findings/1,C_unknown_by_design,WordPress deliberately reports payment_plan as unknown because no reviewed authoritative source is defined,high,Define authoritative payment_plan evidence states and preserve unknown as blocking,true,true,true
46,dc0dbfb9-c7e4-4bc1-afaa-c41e2b716940,3efd208f-b148-4568-8591-13d968399081,blocking,payment_plan,,100684,,product,product,payment_plan,normalize_catalog_row,product_semantics.payment_plan,unknown,catalog_rows[].product_semantics.payment_plan,WordPressFeedResponse.parse_page/1,Normalizer.product_semantic_fact/4,Normalizer.source_risk_findings/1,C_unknown_by_design,WordPress deliberately reports payment_plan as unknown because no reviewed authoritative source is defined,high,Define authoritative payment_plan evidence states and preserve unknown as blocking,true,true,true
47,bb4448d4-457d-4014-847e-b536992bf511,3efd208f-b148-4568-8591-13d968399081,blocking,payment_plan,,104303,,product,product,payment_plan,normalize_catalog_row,product_semantics.payment_plan,unknown,catalog_rows[].product_semantics.payment_plan,WordPressFeedResponse.parse_page/1,Normalizer.product_semantic_fact/4,Normalizer.source_risk_findings/1,C_unknown_by_design,WordPress deliberately reports payment_plan as unknown because no reviewed authoritative source is defined,high,Define authoritative payment_plan evidence states and preserve unknown as blocking,true,true,true
48,9889debf-9a0b-4cea-a00b-75f9410643c1,3efd208f-b148-4568-8591-13d968399081,blocking,payment_plan,,106812,,product,product,payment_plan,normalize_catalog_row,product_semantics.payment_plan,unknown,catalog_rows[].product_semantics.payment_plan,WordPressFeedResponse.parse_page/1,Normalizer.product_semantic_fact/4,Normalizer.source_risk_findings/1,C_unknown_by_design,WordPress deliberately reports payment_plan as unknown because no reviewed authoritative source is defined,high,Define authoritative payment_plan evidence states and preserve unknown as blocking,true,true,true
49,ef7c0964-0b0f-401d-a8d6-dd9134833d0e,3efd208f-b148-4568-8591-13d968399081,blocking,payment_plan,,106813,,product,product,payment_plan,normalize_catalog_row,product_semantics.payment_plan,unknown,catalog_rows[].product_semantics.payment_plan,WordPressFeedResponse.parse_page/1,Normalizer.product_semantic_fact/4,Normalizer.source_risk_findings/1,C_unknown_by_design,WordPress deliberately reports payment_plan as unknown because no reviewed authoritative source is defined,high,Define authoritative payment_plan evidence states and preserve unknown as blocking,true,true,true
50,e82c9f48-873e-4a29-8d7c-40659d2a3516,3efd208f-b148-4568-8591-13d968399081,blocking,payment_plan,,106814,,product,product,payment_plan,normalize_catalog_row,product_semantics.payment_plan,unknown,catalog_rows[].product_semantics.payment_plan,WordPressFeedResponse.parse_page/1,Normalizer.product_semantic_fact/4,Normalizer.source_risk_findings/1,C_unknown_by_design,WordPress deliberately reports payment_plan as unknown because no reviewed authoritative source is defined,high,Define authoritative payment_plan evidence states and preserve unknown as blocking,true,true,true
51,7b773747-2a04-425f-bdbb-5fdee8d3f52e,3efd208f-b148-4568-8591-13d968399081,blocking,payment_plan,,106815,,product,product,payment_plan,normalize_catalog_row,product_semantics.payment_plan,unknown,catalog_rows[].product_semantics.payment_plan,WordPressFeedResponse.parse_page/1,Normalizer.product_semantic_fact/4,Normalizer.source_risk_findings/1,C_unknown_by_design,WordPress deliberately reports payment_plan as unknown because no reviewed authoritative source is defined,high,Define authoritative payment_plan evidence states and preserve unknown as blocking,true,true,true
52,4f6b5ccb-18be-4627-9b8e-12ac22d0b688,3efd208f-b148-4568-8591-13d968399081,blocking,payment_plan,,106816,,product,product,payment_plan,normalize_catalog_row,product_semantics.payment_plan,unknown,catalog_rows[].product_semantics.payment_plan,WordPressFeedResponse.parse_page/1,Normalizer.product_semantic_fact/4,Normalizer.source_risk_findings/1,C_unknown_by_design,WordPress deliberately reports payment_plan as unknown because no reviewed authoritative source is defined,high,Define authoritative payment_plan evidence states and preserve unknown as blocking,true,true,true
53,69f469a5-c839-44d6-8b54-85ec40926d40,3efd208f-b148-4568-8591-13d968399081,blocking,payment_plan,,107605,,product,product,payment_plan,normalize_catalog_row,product_semantics.payment_plan,unknown,catalog_rows[].product_semantics.payment_plan,WordPressFeedResponse.parse_page/1,Normalizer.product_semantic_fact/4,Normalizer.source_risk_findings/1,C_unknown_by_design,WordPress deliberately reports payment_plan as unknown because no reviewed authoritative source is defined,high,Define authoritative payment_plan evidence states and preserve unknown as blocking,true,true,true
54,220e275d-57a0-45d0-bfaf-122a302a257d,3efd208f-b148-4568-8591-13d968399081,blocking,payment_plan,,107607,,product,product,payment_plan,normalize_catalog_row,product_semantics.payment_plan,unknown,catalog_rows[].product_semantics.payment_plan,WordPressFeedResponse.parse_page/1,Normalizer.product_semantic_fact/4,Normalizer.source_risk_findings/1,C_unknown_by_design,WordPress deliberately reports payment_plan as unknown because no reviewed authoritative source is defined,high,Define authoritative payment_plan evidence states and preserve unknown as blocking,true,true,true
55,c6893629-81be-4ca8-a579-d7cb3ad358a1,3efd208f-b148-4568-8591-13d968399081,blocking,payment_plan,,107611,,product,product,payment_plan,normalize_catalog_row,product_semantics.payment_plan,unknown,catalog_rows[].product_semantics.payment_plan,WordPressFeedResponse.parse_page/1,Normalizer.product_semantic_fact/4,Normalizer.source_risk_findings/1,C_unknown_by_design,WordPress deliberately reports payment_plan as unknown because no reviewed authoritative source is defined,high,Define authoritative payment_plan evidence states and preserve unknown as blocking,true,true,true
56,7552289e-166f-4008-9b93-1f662d16fb8c,3efd208f-b148-4568-8591-13d968399081,blocking,payment_plan,,107926,,product,product,payment_plan,normalize_catalog_row,product_semantics.payment_plan,unknown,catalog_rows[].product_semantics.payment_plan,WordPressFeedResponse.parse_page/1,Normalizer.product_semantic_fact/4,Normalizer.source_risk_findings/1,C_unknown_by_design,WordPress deliberately reports payment_plan as unknown because no reviewed authoritative source is defined,high,Define authoritative payment_plan evidence states and preserve unknown as blocking,true,true,true
57,f6197b58-b257-49ae-b49d-465056367558,3efd208f-b148-4568-8591-13d968399081,blocking,payment_plan,,109740,,product,product,payment_plan,normalize_catalog_row,product_semantics.payment_plan,unknown,catalog_rows[].product_semantics.payment_plan,WordPressFeedResponse.parse_page/1,Normalizer.product_semantic_fact/4,Normalizer.source_risk_findings/1,C_unknown_by_design,WordPress deliberately reports payment_plan as unknown because no reviewed authoritative source is defined,high,Define authoritative payment_plan evidence states and preserve unknown as blocking,true,true,true
58,5fa8fb77-b890-4446-b7dd-fd66812048af,3efd208f-b148-4568-8591-13d968399081,blocking,payment_plan,,109741,,product,product,payment_plan,normalize_catalog_row,product_semantics.payment_plan,unknown,catalog_rows[].product_semantics.payment_plan,WordPressFeedResponse.parse_page/1,Normalizer.product_semantic_fact/4,Normalizer.source_risk_findings/1,C_unknown_by_design,WordPress deliberately reports payment_plan as unknown because no reviewed authoritative source is defined,high,Define authoritative payment_plan evidence states and preserve unknown as blocking,true,true,true
59,9c7d9bf0-4ca5-40ff-8d63-46ac7fb65c0f,3efd208f-b148-4568-8591-13d968399081,blocking,unknown_product_semantics,,,100346,variation,product,unknown_product_semantics,normalize_catalog_row,product_semantics,all_closed_dimensions_unknown_on_parent_product,catalog_rows[].product_semantics + catalog_rows[].risk_codes[],WordPressFeedResponse.parse_page/1,Normalizer.risk_facts/3 -> SourceRisk.from_code/3,Normalizer.source_risk_findings/1,E_scope_or_duplication,Parent product semantic evidence is serialized on a variation row then targeted to the variation solely because woo_variation_id is present,high,Separate parent product risk facts from variation identity and reject scope-incompatible codes,true,true,true
60,f661db83-df43-425a-ab91-f9cda5e18035,3efd208f-b148-4568-8591-13d968399081,blocking,unknown_product_semantics,,,100347,variation,product,unknown_product_semantics,normalize_catalog_row,product_semantics,all_closed_dimensions_unknown_on_parent_product,catalog_rows[].product_semantics + catalog_rows[].risk_codes[],WordPressFeedResponse.parse_page/1,Normalizer.risk_facts/3 -> SourceRisk.from_code/3,Normalizer.source_risk_findings/1,E_scope_or_duplication,Parent product semantic evidence is serialized on a variation row then targeted to the variation solely because woo_variation_id is present,high,Separate parent product risk facts from variation identity and reject scope-incompatible codes,true,true,true
61,02805c23-6cd8-4202-bfd3-f1fee242c024,3efd208f-b148-4568-8591-13d968399081,blocking,unknown_product_semantics,,,100349,variation,product,unknown_product_semantics,normalize_catalog_row,product_semantics,all_closed_dimensions_unknown_on_parent_product,catalog_rows[].product_semantics + catalog_rows[].risk_codes[],WordPressFeedResponse.parse_page/1,Normalizer.risk_facts/3 -> SourceRisk.from_code/3,Normalizer.source_risk_findings/1,E_scope_or_duplication,Parent product semantic evidence is serialized on a variation row then targeted to the variation solely because woo_variation_id is present,high,Separate parent product risk facts from variation identity and reject scope-incompatible codes,true,true,true
62,7e30ce57-e292-4be5-a19a-123f858b1584,3efd208f-b148-4568-8591-13d968399081,blocking,unknown_product_semantics,,,100350,variation,product,unknown_product_semantics,normalize_catalog_row,product_semantics,all_closed_dimensions_unknown_on_parent_product,catalog_rows[].product_semantics + catalog_rows[].risk_codes[],WordPressFeedResponse.parse_page/1,Normalizer.risk_facts/3 -> SourceRisk.from_code/3,Normalizer.source_risk_findings/1,E_scope_or_duplication,Parent product semantic evidence is serialized on a variation row then targeted to the variation solely because woo_variation_id is present,high,Separate parent product risk facts from variation identity and reject scope-incompatible codes,true,true,true
63,bb726126-564e-4f8c-9384-5dd5d98ce96c,3efd208f-b148-4568-8591-13d968399081,blocking,unknown_product_semantics,,,109159,variation,product,unknown_product_semantics,normalize_catalog_row,product_semantics,all_closed_dimensions_unknown_on_parent_product,catalog_rows[].product_semantics + catalog_rows[].risk_codes[],WordPressFeedResponse.parse_page/1,Normalizer.risk_facts/3 -> SourceRisk.from_code/3,Normalizer.source_risk_findings/1,E_scope_or_duplication,Parent product semantic evidence is serialized on a variation row then targeted to the variation solely because woo_variation_id is present,high,Separate parent product risk facts from variation identity and reject scope-incompatible codes,true,true,true
64,c5c1598a-422d-4289-9265-623944c372ce,3efd208f-b148-4568-8591-13d968399081,blocking,unknown_product_semantics,,,109162,variation,product,unknown_product_semantics,normalize_catalog_row,product_semantics,all_closed_dimensions_unknown_on_parent_product,catalog_rows[].product_semantics + catalog_rows[].risk_codes[],WordPressFeedResponse.parse_page/1,Normalizer.risk_facts/3 -> SourceRisk.from_code/3,Normalizer.source_risk_findings/1,E_scope_or_duplication,Parent product semantic evidence is serialized on a variation row then targeted to the variation solely because woo_variation_id is present,high,Separate parent product risk facts from variation identity and reject scope-incompatible codes,true,true,true
65,9d6ffe9d-bc1b-48e9-9dab-875344e19450,3efd208f-b148-4568-8591-13d968399081,blocking,unknown_product_semantics,,,109165,variation,product,unknown_product_semantics,normalize_catalog_row,product_semantics,all_closed_dimensions_unknown_on_parent_product,catalog_rows[].product_semantics + catalog_rows[].risk_codes[],WordPressFeedResponse.parse_page/1,Normalizer.risk_facts/3 -> SourceRisk.from_code/3,Normalizer.source_risk_findings/1,E_scope_or_duplication,Parent product semantic evidence is serialized on a variation row then targeted to the variation solely because woo_variation_id is present,high,Separate parent product risk facts from variation identity and reject scope-incompatible codes,true,true,true
66,cf258fb0-a55d-4904-be4c-eec6c6632b84,3efd208f-b148-4568-8591-13d968399081,blocking,unknown_product_semantics,,,109167,variation,product,unknown_product_semantics,normalize_catalog_row,product_semantics,all_closed_dimensions_unknown_on_parent_product,catalog_rows[].product_semantics + catalog_rows[].risk_codes[],WordPressFeedResponse.parse_page/1,Normalizer.risk_facts/3 -> SourceRisk.from_code/3,Normalizer.source_risk_findings/1,E_scope_or_duplication,Parent product semantic evidence is serialized on a variation row then targeted to the variation solely because woo_variation_id is present,high,Separate parent product risk facts from variation identity and reject scope-incompatible codes,true,true,true
67,18934294-7f2f-4d38-abd9-51622dd3b62b,3efd208f-b148-4568-8591-13d968399081,blocking,unknown_product_semantics,,,109171,variation,product,unknown_product_semantics,normalize_catalog_row,product_semantics,all_closed_dimensions_unknown_on_parent_product,catalog_rows[].product_semantics + catalog_rows[].risk_codes[],WordPressFeedResponse.parse_page/1,Normalizer.risk_facts/3 -> SourceRisk.from_code/3,Normalizer.source_risk_findings/1,E_scope_or_duplication,Parent product semantic evidence is serialized on a variation row then targeted to the variation solely because woo_variation_id is present,high,Separate parent product risk facts from variation identity and reject scope-incompatible codes,true,true,true
68,4463415c-c311-473c-8369-28836b197b8d,3efd208f-b148-4568-8591-13d968399081,blocking,unknown_product_semantics,,,109174,variation,product,unknown_product_semantics,normalize_catalog_row,product_semantics,all_closed_dimensions_unknown_on_parent_product,catalog_rows[].product_semantics + catalog_rows[].risk_codes[],WordPressFeedResponse.parse_page/1,Normalizer.risk_facts/3 -> SourceRisk.from_code/3,Normalizer.source_risk_findings/1,E_scope_or_duplication,Parent product semantic evidence is serialized on a variation row then targeted to the variation solely because woo_variation_id is present,high,Separate parent product risk facts from variation identity and reject scope-incompatible codes,true,true,true
69,363fa81d-be94-49c6-983c-2f6430f0caa9,3efd208f-b148-4568-8591-13d968399081,blocking,unknown_product_semantics,,,109177,variation,product,unknown_product_semantics,normalize_catalog_row,product_semantics,all_closed_dimensions_unknown_on_parent_product,catalog_rows[].product_semantics + catalog_rows[].risk_codes[],WordPressFeedResponse.parse_page/1,Normalizer.risk_facts/3 -> SourceRisk.from_code/3,Normalizer.source_risk_findings/1,E_scope_or_duplication,Parent product semantic evidence is serialized on a variation row then targeted to the variation solely because woo_variation_id is present,high,Separate parent product risk facts from variation identity and reject scope-incompatible codes,true,true,true
70,e36b73f9-9071-4fd7-b4f7-604292046adb,3efd208f-b148-4568-8591-13d968399081,blocking,unknown_product_semantics,,,109178,variation,product,unknown_product_semantics,normalize_catalog_row,product_semantics,all_closed_dimensions_unknown_on_parent_product,catalog_rows[].product_semantics + catalog_rows[].risk_codes[],WordPressFeedResponse.parse_page/1,Normalizer.risk_facts/3 -> SourceRisk.from_code/3,Normalizer.source_risk_findings/1,E_scope_or_duplication,Parent product semantic evidence is serialized on a variation row then targeted to the variation solely because woo_variation_id is present,high,Separate parent product risk facts from variation identity and reject scope-incompatible codes,true,true,true
71,b3325650-caae-40ef-aa5e-26a821aea043,3efd208f-b148-4568-8591-13d968399081,blocking,unknown_product_semantics,,,109424,variation,product,unknown_product_semantics,normalize_catalog_row,product_semantics,all_closed_dimensions_unknown_on_parent_product,catalog_rows[].product_semantics + catalog_rows[].risk_codes[],WordPressFeedResponse.parse_page/1,Normalizer.risk_facts/3 -> SourceRisk.from_code/3,Normalizer.source_risk_findings/1,E_scope_or_duplication,Parent product semantic evidence is serialized on a variation row then targeted to the variation solely because woo_variation_id is present,high,Separate parent product risk facts from variation identity and reject scope-incompatible codes,true,true,true
72,4d9084da-42d4-4f49-a12b-a1f348825af3,3efd208f-b148-4568-8591-13d968399081,blocking,unknown_product_semantics,,,109425,variation,product,unknown_product_semantics,normalize_catalog_row,product_semantics,all_closed_dimensions_unknown_on_parent_product,catalog_rows[].product_semantics + catalog_rows[].risk_codes[],WordPressFeedResponse.parse_page/1,Normalizer.risk_facts/3 -> SourceRisk.from_code/3,Normalizer.source_risk_findings/1,E_scope_or_duplication,Parent product semantic evidence is serialized on a variation row then targeted to the variation solely because woo_variation_id is present,high,Separate parent product risk facts from variation identity and reject scope-incompatible codes,true,true,true
73,93d894ec-fc2c-432c-bfbf-233f14722cdd,3efd208f-b148-4568-8591-13d968399081,blocking,unknown_product_semantics,,100344,,product,product,unknown_product_semantics,normalize_catalog_row,product_semantics,all_closed_dimensions_unknown,catalog_rows[].product_semantics + catalog_rows[].risk_codes[],WordPressFeedResponse.parse_page/1,Normalizer.risk_facts/3 -> SourceRisk.from_code/3,Normalizer.source_risk_findings/1,C_unknown_by_design,The v2 contract deliberately reports product semantics unknown until reviewed authoritative sources exist,high,Version canonical per-dimension unknown evidence and define whether the aggregate umbrella remains,true,true,true
74,f614801c-ff8c-407f-914f-63fa6e9af581,3efd208f-b148-4568-8591-13d968399081,blocking,unknown_product_semantics,,100684,,product,product,unknown_product_semantics,normalize_catalog_row,product_semantics,all_closed_dimensions_unknown,catalog_rows[].product_semantics + catalog_rows[].risk_codes[],WordPressFeedResponse.parse_page/1,Normalizer.risk_facts/3 -> SourceRisk.from_code/3,Normalizer.source_risk_findings/1,C_unknown_by_design,The v2 contract deliberately reports product semantics unknown until reviewed authoritative sources exist,high,Version canonical per-dimension unknown evidence and define whether the aggregate umbrella remains,true,true,true
75,d16e40ac-38c5-4888-b6a1-00155eed9ea6,3efd208f-b148-4568-8591-13d968399081,blocking,unknown_product_semantics,,104303,,product,product,unknown_product_semantics,normalize_catalog_row,product_semantics,all_closed_dimensions_unknown,catalog_rows[].product_semantics + catalog_rows[].risk_codes[],WordPressFeedResponse.parse_page/1,Normalizer.risk_facts/3 -> SourceRisk.from_code/3,Normalizer.source_risk_findings/1,C_unknown_by_design,The v2 contract deliberately reports product semantics unknown until reviewed authoritative sources exist,high,Version canonical per-dimension unknown evidence and define whether the aggregate umbrella remains,true,true,true
76,fc9e87dd-ace1-403f-a226-2ed1915afb19,3efd208f-b148-4568-8591-13d968399081,blocking,unknown_product_semantics,,106812,,product,product,unknown_product_semantics,normalize_catalog_row,product_semantics,all_closed_dimensions_unknown,catalog_rows[].product_semantics + catalog_rows[].risk_codes[],WordPressFeedResponse.parse_page/1,Normalizer.risk_facts/3 -> SourceRisk.from_code/3,Normalizer.source_risk_findings/1,C_unknown_by_design,The v2 contract deliberately reports product semantics unknown until reviewed authoritative sources exist,high,Version canonical per-dimension unknown evidence and define whether the aggregate umbrella remains,true,true,true
77,1011c4ae-f7c4-49dd-8396-86e50bc7555c,3efd208f-b148-4568-8591-13d968399081,blocking,unknown_product_semantics,,106813,,product,product,unknown_product_semantics,normalize_catalog_row,product_semantics,all_closed_dimensions_unknown,catalog_rows[].product_semantics + catalog_rows[].risk_codes[],WordPressFeedResponse.parse_page/1,Normalizer.risk_facts/3 -> SourceRisk.from_code/3,Normalizer.source_risk_findings/1,C_unknown_by_design,The v2 contract deliberately reports product semantics unknown until reviewed authoritative sources exist,high,Version canonical per-dimension unknown evidence and define whether the aggregate umbrella remains,true,true,true
78,d3ba81b2-3314-4f00-b30a-122784574db3,3efd208f-b148-4568-8591-13d968399081,blocking,unknown_product_semantics,,106814,,product,product,unknown_product_semantics,normalize_catalog_row,product_semantics,all_closed_dimensions_unknown,catalog_rows[].product_semantics + catalog_rows[].risk_codes[],WordPressFeedResponse.parse_page/1,Normalizer.risk_facts/3 -> SourceRisk.from_code/3,Normalizer.source_risk_findings/1,C_unknown_by_design,The v2 contract deliberately reports product semantics unknown until reviewed authoritative sources exist,high,Version canonical per-dimension unknown evidence and define whether the aggregate umbrella remains,true,true,true
79,5ec92c74-995b-467b-9ba3-36eaa44210ce,3efd208f-b148-4568-8591-13d968399081,blocking,unknown_product_semantics,,106815,,product,product,unknown_product_semantics,normalize_catalog_row,product_semantics,all_closed_dimensions_unknown,catalog_rows[].product_semantics + catalog_rows[].risk_codes[],WordPressFeedResponse.parse_page/1,Normalizer.risk_facts/3 -> SourceRisk.from_code/3,Normalizer.source_risk_findings/1,C_unknown_by_design,The v2 contract deliberately reports product semantics unknown until reviewed authoritative sources exist,high,Version canonical per-dimension unknown evidence and define whether the aggregate umbrella remains,true,true,true
80,12aa073e-e7c5-4d7e-a381-5d0b753e4f95,3efd208f-b148-4568-8591-13d968399081,blocking,unknown_product_semantics,,106816,,product,product,unknown_product_semantics,normalize_catalog_row,product_semantics,all_closed_dimensions_unknown,catalog_rows[].product_semantics + catalog_rows[].risk_codes[],WordPressFeedResponse.parse_page/1,Normalizer.risk_facts/3 -> SourceRisk.from_code/3,Normalizer.source_risk_findings/1,C_unknown_by_design,The v2 contract deliberately reports product semantics unknown until reviewed authoritative sources exist,high,Version canonical per-dimension unknown evidence and define whether the aggregate umbrella remains,true,true,true
81,e2bbbe1e-92cb-4669-878e-e75466545625,3efd208f-b148-4568-8591-13d968399081,blocking,unknown_product_semantics,,107605,,product,product,unknown_product_semantics,normalize_catalog_row,product_semantics,all_closed_dimensions_unknown,catalog_rows[].product_semantics + catalog_rows[].risk_codes[],WordPressFeedResponse.parse_page/1,Normalizer.risk_facts/3 -> SourceRisk.from_code/3,Normalizer.source_risk_findings/1,C_unknown_by_design,The v2 contract deliberately reports product semantics unknown until reviewed authoritative sources exist,high,Version canonical per-dimension unknown evidence and define whether the aggregate umbrella remains,true,true,true
82,a09ad0ee-8048-40ea-b33e-fc0805952c00,3efd208f-b148-4568-8591-13d968399081,blocking,unknown_product_semantics,,107607,,product,product,unknown_product_semantics,normalize_catalog_row,product_semantics,all_closed_dimensions_unknown,catalog_rows[].product_semantics + catalog_rows[].risk_codes[],WordPressFeedResponse.parse_page/1,Normalizer.risk_facts/3 -> SourceRisk.from_code/3,Normalizer.source_risk_findings/1,C_unknown_by_design,The v2 contract deliberately reports product semantics unknown until reviewed authoritative sources exist,high,Version canonical per-dimension unknown evidence and define whether the aggregate umbrella remains,true,true,true
83,ce349348-891f-446b-b5e9-7fe5bb8de91e,3efd208f-b148-4568-8591-13d968399081,blocking,unknown_product_semantics,,107611,,product,product,unknown_product_semantics,normalize_catalog_row,product_semantics,all_closed_dimensions_unknown,catalog_rows[].product_semantics + catalog_rows[].risk_codes[],WordPressFeedResponse.parse_page/1,Normalizer.risk_facts/3 -> SourceRisk.from_code/3,Normalizer.source_risk_findings/1,C_unknown_by_design,The v2 contract deliberately reports product semantics unknown until reviewed authoritative sources exist,high,Version canonical per-dimension unknown evidence and define whether the aggregate umbrella remains,true,true,true
84,ecdb8910-77c8-4656-addf-caff8cbc2b2c,3efd208f-b148-4568-8591-13d968399081,blocking,unknown_product_semantics,,107926,,product,product,unknown_product_semantics,normalize_catalog_row,product_semantics,all_closed_dimensions_unknown,catalog_rows[].product_semantics + catalog_rows[].risk_codes[],WordPressFeedResponse.parse_page/1,Normalizer.risk_facts/3 -> SourceRisk.from_code/3,Normalizer.source_risk_findings/1,C_unknown_by_design,The v2 contract deliberately reports product semantics unknown until reviewed authoritative sources exist,high,Version canonical per-dimension unknown evidence and define whether the aggregate umbrella remains,true,true,true
85,e9a51e04-e6bb-4c2f-8ddd-8eb30d710364,3efd208f-b148-4568-8591-13d968399081,blocking,unknown_product_semantics,,109740,,product,product,unknown_product_semantics,normalize_catalog_row,product_semantics,all_closed_dimensions_unknown,catalog_rows[].product_semantics + catalog_rows[].risk_codes[],WordPressFeedResponse.parse_page/1,Normalizer.risk_facts/3 -> SourceRisk.from_code/3,Normalizer.source_risk_findings/1,C_unknown_by_design,The v2 contract deliberately reports product semantics unknown until reviewed authoritative sources exist,high,Version canonical per-dimension unknown evidence and define whether the aggregate umbrella remains,true,true,true
86,f609abff-1500-470f-b4f7-63c4090a3760,3efd208f-b148-4568-8591-13d968399081,blocking,unknown_product_semantics,,109741,,product,product,unknown_product_semantics,normalize_catalog_row,product_semantics,all_closed_dimensions_unknown,catalog_rows[].product_semantics + catalog_rows[].risk_codes[],WordPressFeedResponse.parse_page/1,Normalizer.risk_facts/3 -> SourceRisk.from_code/3,Normalizer.source_risk_findings/1,C_unknown_by_design,The v2 contract deliberately reports product semantics unknown until reviewed authoritative sources exist,high,Version canonical per-dimension unknown evidence and define whether the aggregate umbrella remains,true,true,true
87,f455f6ad-c0cd-425d-ab30-1aa6263e9d25,3efd208f-b148-4568-8591-13d968399081,blocking,variation_mapping_required,,,100346,variation,variation,variation_mapping_required,review_reasons,woo_variation_id,positive_variation_identity_present,catalog_rows[].woo_variation_id + catalog_rows[].risk_codes[],WordPressFeedResponse.parse_page/1,Normalizer.risk_facts/3 -> SourceRisk.from_code/3,Normalizer.source_risk_findings/1,E_scope_or_duplication,Same canonical code is persisted by independent emitters with incompatible semantics: exact variation blocking source risk versus parent product warning; this is code-level diagnostic overloading not duplicate row identity,medium,Split source and structural diagnostics into authority-specific codes and retain certified aggregate provenance,true,true,true
88,cb63a9cc-31f3-4644-af32-03d47d44faea,3efd208f-b148-4568-8591-13d968399081,blocking,variation_mapping_required,,,100347,variation,variation,variation_mapping_required,review_reasons,woo_variation_id,positive_variation_identity_present,catalog_rows[].woo_variation_id + catalog_rows[].risk_codes[],WordPressFeedResponse.parse_page/1,Normalizer.risk_facts/3 -> SourceRisk.from_code/3,Normalizer.source_risk_findings/1,E_scope_or_duplication,Same canonical code is persisted by independent emitters with incompatible semantics: exact variation blocking source risk versus parent product warning; this is code-level diagnostic overloading not duplicate row identity,medium,Split source and structural diagnostics into authority-specific codes and retain certified aggregate provenance,true,true,true
89,0ddf08e0-e9c9-49c0-b503-5739a0ce2307,3efd208f-b148-4568-8591-13d968399081,blocking,variation_mapping_required,,,100349,variation,variation,variation_mapping_required,review_reasons,woo_variation_id,positive_variation_identity_present,catalog_rows[].woo_variation_id + catalog_rows[].risk_codes[],WordPressFeedResponse.parse_page/1,Normalizer.risk_facts/3 -> SourceRisk.from_code/3,Normalizer.source_risk_findings/1,E_scope_or_duplication,Same canonical code is persisted by independent emitters with incompatible semantics: exact variation blocking source risk versus parent product warning; this is code-level diagnostic overloading not duplicate row identity,medium,Split source and structural diagnostics into authority-specific codes and retain certified aggregate provenance,true,true,true
90,80c99d05-233b-4be0-8c69-524c178a39b4,3efd208f-b148-4568-8591-13d968399081,blocking,variation_mapping_required,,,100350,variation,variation,variation_mapping_required,review_reasons,woo_variation_id,positive_variation_identity_present,catalog_rows[].woo_variation_id + catalog_rows[].risk_codes[],WordPressFeedResponse.parse_page/1,Normalizer.risk_facts/3 -> SourceRisk.from_code/3,Normalizer.source_risk_findings/1,E_scope_or_duplication,Same canonical code is persisted by independent emitters with incompatible semantics: exact variation blocking source risk versus parent product warning; this is code-level diagnostic overloading not duplicate row identity,medium,Split source and structural diagnostics into authority-specific codes and retain certified aggregate provenance,true,true,true
91,1905adb0-2c79-4141-a1d4-43c4ea3bc822,3efd208f-b148-4568-8591-13d968399081,blocking,variation_mapping_required,,,109159,variation,variation,variation_mapping_required,review_reasons,woo_variation_id,positive_variation_identity_present,catalog_rows[].woo_variation_id + catalog_rows[].risk_codes[],WordPressFeedResponse.parse_page/1,Normalizer.risk_facts/3 -> SourceRisk.from_code/3,Normalizer.source_risk_findings/1,E_scope_or_duplication,Same canonical code is persisted by independent emitters with incompatible semantics: exact variation blocking source risk versus parent product warning; this is code-level diagnostic overloading not duplicate row identity,medium,Split source and structural diagnostics into authority-specific codes and retain certified aggregate provenance,true,true,true
92,b16579c9-fdde-4067-afcf-8af2a0bd6b4e,3efd208f-b148-4568-8591-13d968399081,blocking,variation_mapping_required,,,109162,variation,variation,variation_mapping_required,review_reasons,woo_variation_id,positive_variation_identity_present,catalog_rows[].woo_variation_id + catalog_rows[].risk_codes[],WordPressFeedResponse.parse_page/1,Normalizer.risk_facts/3 -> SourceRisk.from_code/3,Normalizer.source_risk_findings/1,E_scope_or_duplication,Same canonical code is persisted by independent emitters with incompatible semantics: exact variation blocking source risk versus parent product warning; this is code-level diagnostic overloading not duplicate row identity,medium,Split source and structural diagnostics into authority-specific codes and retain certified aggregate provenance,true,true,true
93,8e3e7403-8933-4cd1-8e88-0617f38b0aef,3efd208f-b148-4568-8591-13d968399081,blocking,variation_mapping_required,,,109165,variation,variation,variation_mapping_required,review_reasons,woo_variation_id,positive_variation_identity_present,catalog_rows[].woo_variation_id + catalog_rows[].risk_codes[],WordPressFeedResponse.parse_page/1,Normalizer.risk_facts/3 -> SourceRisk.from_code/3,Normalizer.source_risk_findings/1,E_scope_or_duplication,Same canonical code is persisted by independent emitters with incompatible semantics: exact variation blocking source risk versus parent product warning; this is code-level diagnostic overloading not duplicate row identity,medium,Split source and structural diagnostics into authority-specific codes and retain certified aggregate provenance,true,true,true
94,05213f58-0398-4819-b5e0-607eee9fb849,3efd208f-b148-4568-8591-13d968399081,blocking,variation_mapping_required,,,109167,variation,variation,variation_mapping_required,review_reasons,woo_variation_id,positive_variation_identity_present,catalog_rows[].woo_variation_id + catalog_rows[].risk_codes[],WordPressFeedResponse.parse_page/1,Normalizer.risk_facts/3 -> SourceRisk.from_code/3,Normalizer.source_risk_findings/1,E_scope_or_duplication,Same canonical code is persisted by independent emitters with incompatible semantics: exact variation blocking source risk versus parent product warning; this is code-level diagnostic overloading not duplicate row identity,medium,Split source and structural diagnostics into authority-specific codes and retain certified aggregate provenance,true,true,true
95,0cd6751e-9116-4c8a-a531-2aa13e0f1ecb,3efd208f-b148-4568-8591-13d968399081,blocking,variation_mapping_required,,,109171,variation,variation,variation_mapping_required,review_reasons,woo_variation_id,positive_variation_identity_present,catalog_rows[].woo_variation_id + catalog_rows[].risk_codes[],WordPressFeedResponse.parse_page/1,Normalizer.risk_facts/3 -> SourceRisk.from_code/3,Normalizer.source_risk_findings/1,E_scope_or_duplication,Same canonical code is persisted by independent emitters with incompatible semantics: exact variation blocking source risk versus parent product warning; this is code-level diagnostic overloading not duplicate row identity,medium,Split source and structural diagnostics into authority-specific codes and retain certified aggregate provenance,true,true,true
96,314d0ff0-0e66-4101-a746-90437b11a750,3efd208f-b148-4568-8591-13d968399081,blocking,variation_mapping_required,,,109174,variation,variation,variation_mapping_required,review_reasons,woo_variation_id,positive_variation_identity_present,catalog_rows[].woo_variation_id + catalog_rows[].risk_codes[],WordPressFeedResponse.parse_page/1,Normalizer.risk_facts/3 -> SourceRisk.from_code/3,Normalizer.source_risk_findings/1,E_scope_or_duplication,Same canonical code is persisted by independent emitters with incompatible semantics: exact variation blocking source risk versus parent product warning; this is code-level diagnostic overloading not duplicate row identity,medium,Split source and structural diagnostics into authority-specific codes and retain certified aggregate provenance,true,true,true
97,97c5d97c-3807-44f7-a285-0cddb0ea4ef1,3efd208f-b148-4568-8591-13d968399081,blocking,variation_mapping_required,,,109177,variation,variation,variation_mapping_required,review_reasons,woo_variation_id,positive_variation_identity_present,catalog_rows[].woo_variation_id + catalog_rows[].risk_codes[],WordPressFeedResponse.parse_page/1,Normalizer.risk_facts/3 -> SourceRisk.from_code/3,Normalizer.source_risk_findings/1,E_scope_or_duplication,Same canonical code is persisted by independent emitters with incompatible semantics: exact variation blocking source risk versus parent product warning; this is code-level diagnostic overloading not duplicate row identity,medium,Split source and structural diagnostics into authority-specific codes and retain certified aggregate provenance,true,true,true
98,fe02da82-9ab5-476a-a787-24e67cc9a056,3efd208f-b148-4568-8591-13d968399081,blocking,variation_mapping_required,,,109178,variation,variation,variation_mapping_required,review_reasons,woo_variation_id,positive_variation_identity_present,catalog_rows[].woo_variation_id + catalog_rows[].risk_codes[],WordPressFeedResponse.parse_page/1,Normalizer.risk_facts/3 -> SourceRisk.from_code/3,Normalizer.source_risk_findings/1,E_scope_or_duplication,Same canonical code is persisted by independent emitters with incompatible semantics: exact variation blocking source risk versus parent product warning; this is code-level diagnostic overloading not duplicate row identity,medium,Split source and structural diagnostics into authority-specific codes and retain certified aggregate provenance,true,true,true
99,6c7f32fa-d8ec-45b3-9848-2cf714eb3926,3efd208f-b148-4568-8591-13d968399081,blocking,variation_mapping_required,,,109424,variation,variation,variation_mapping_required,review_reasons,woo_variation_id,positive_variation_identity_present,catalog_rows[].woo_variation_id + catalog_rows[].risk_codes[],WordPressFeedResponse.parse_page/1,Normalizer.risk_facts/3 -> SourceRisk.from_code/3,Normalizer.source_risk_findings/1,E_scope_or_duplication,Same canonical code is persisted by independent emitters with incompatible semantics: exact variation blocking source risk versus parent product warning; this is code-level diagnostic overloading not duplicate row identity,medium,Split source and structural diagnostics into authority-specific codes and retain certified aggregate provenance,true,true,true
100,be78adc6-0c65-4e81-b62f-6f20792a0d4b,3efd208f-b148-4568-8591-13d968399081,blocking,variation_mapping_required,,,109425,variation,variation,variation_mapping_required,review_reasons,woo_variation_id,positive_variation_identity_present,catalog_rows[].woo_variation_id + catalog_rows[].risk_codes[],WordPressFeedResponse.parse_page/1,Normalizer.risk_facts/3 -> SourceRisk.from_code/3,Normalizer.source_risk_findings/1,E_scope_or_duplication,Same canonical code is persisted by independent emitters with incompatible semantics: exact variation blocking source risk versus parent product warning; this is code-level diagnostic overloading not duplicate row identity,medium,Split source and structural diagnostics into authority-specific codes and retain certified aggregate provenance,true,true,true
